<?xml-stylesheet type="text/xml" href="library.xsl" version="2.0"?>

<employee xmlns:xsi="http://www.w3.org/2001/XMLSchema-instance">

<row>
  <employeeid>1</employeeid>
  <genreid>3</genreid>
  <fio>Иванов Иван Иванович</fio>
</row>

<row>
  <employeeid>2</employeeid>
  <genreid>2</genreid>
  <fio>Скалкин Евгений Юрьевич</fio>
</row>

<row>
  <employeeid>3</employeeid>
  <genreid>1</genreid>
  <fio>Шамшева Юлия Вадимовна</fio>
</row>

</employee>
